netid,handle
smudili2,Aaragon_1739
jacobak3,jacobak3
sawanoi2,YuukiS
rajasg2,rajasg2
rrfang2,rightegg
esliu3,0dte
madhavp2,mparthasaurus
hali53,hali53
zhan32,drivels-tickets
jeremy19,supercooked
pskalle2,pskalle2
aashayd2,aashayd2
mihirs2,mihir_s7
tvm3,tvm3
cychen6,ritzyshark31
vismays2,vismaysuramwar
rkmohan2,rik.0_0
eeho2,eeho2
ku18,ku18
kasink2,baemon
akhot2,fresleven
sgandhi,Shoorsen
shopp7,doorknob12
baez5,baez5
gracewz2,thinkingverydeeply
tvm3,tvm3
aayush8,aayush8_491
sdonty2,sdonty2
peiyuan3,BJBJBJ
pps6,pps6
gauravr2,gauarvr2
augale2,abhishekugale9
anniet5,at05
sbhende2,noobie25
riab2,riab2
zihengc2,GodstaffJax
ashwath6,ashwathkris
pk46,ChachaChampak
gera3,gera3
khuship2,kp88
nishkdp2,ndp2
dakshp2,dakshp2
rohitmb2,rohitmb2
akhot2,fresleven
ziyangz5,ziyangz5
aashok8,AdityaAshok
kona2,kona2
anupamd2,anupamdas7959
wentaol4,CodingAI
akuma29,akuma29
geda2,drsteverogers5
nuoxing2,Loretta_Shang
sumedh2,BitSumedh
dylanad2,DylanDunham
adelias2,cupaflatwhite
arjit2,ArjitBose
mihirs2,mihir_s7
kona2,kona2
kona2,kona2
baoyuan2,Bz491
rohitmb2,rohitmb2
