netid,project
aa107,100
ez7,100
sood8,100
edmong2,100
ymangel2,100
mk65,100
xingyao6,100
kmoone3,100
luinei2,100
karansd2,100
hm14,100
yuchen58,100
higa2,100
mohanks2,100
spod2,100
xsu11,100
cgl2,100
calebes2,100
milavec2,100
ehitda2,100
kthapar2,100
jason18,100
mylesai2,100
khunter5,100
lufeiw2,100
jmichal3,100
benitez5,100
vikramv4,100
haoyu9,100
arunhg2,100
lu94,100
ntokuda2,100
ap73,100
kushaal2,100
jinfeng4,100
zx46,100
dhxu2,100
higa2,100
dansb2,100
ntokuda2,100
arunhg2,100
jsamaha2,100
devinms3,100
ne13,100
cmtam2,100
shyeo2,100
tze2,100
layneog2,100
xijins2,100
arielm4,100
lazari2,100
colmena3,100
meghani3,100
bindu2,100
aliis2,100
ne13,100
dmikha2,100
mc148,100
jdl8,100
agpatel2,100
hdas4,100
rpberry2,100
eliasia2,100
georgem6,100
anwesag2,100
bnevius2,100
evanoff3,100
sam19,100
cjo6,100
evanmt2,100
sarbour2,100
ayand2,100
wl33,100
zhenyuz3,100
gjlee4,100
alicejf2,100
krista2,100
wsho3,100
jizezou2,100
joshuaf4,100
sb52,100
roberte3,100
yinchen3,100
alatif5,100
ipai3,100
wl33,100
nvk4,100
jhennig3,100
jooyolm2,100
